1,Threading & Tinting,,1,19-06-2020 12:15,19-06-2020 12:15
2,Lash Treatment,,1,19-06-2020 12:16,19-06-2020 12:16
3,Brows Treatment,,1,19-06-2020 12:16,19-06-2020 12:16
4,Facial  Treatment & Skin Care,,1,19-06-2020 12:16,19-06-2020 12:16
5,Waxing Treatments,,1,19-06-2020 12:16,19-06-2020 12:16
6,Nail Treatments,,1,19-06-2020 12:16,19-06-2020 12:16
7,Massage treatments,,1,19-06-2020 12:16,19-06-2020 12:16
8,Body Therapies,,1,19-06-2020 12:16,19-06-2020 12:16
9,Threading & Tinting,,2,19-06-2020 12:16,19-06-2020 12:16
10,Lash Treatment,,2,19-06-2020 12:16,19-06-2020 12:16
11,Brows Treatment,,2,19-06-2020 12:16,19-06-2020 12:16
12,advanced aesthetics treatments,,2,19-06-2020 12:16,19-06-2020 12:16
13,Facial  Treatment & Skin Care,,2,19-06-2020 12:16,19-06-2020 12:16
14,Waxing Treatments,,2,19-06-2020 12:16,19-06-2020 12:16
15,Nail Treatments,,2,19-06-2020 12:16,19-06-2020 12:16
16,Massage treatments,,2,19-06-2020 12:16,19-06-2020 12:16
17,Body Therapies,,2,19-06-2020 12:16,19-06-2020 12:16
18,Threading & Tinting,,3,19-06-2020 12:16,19-06-2020 12:16
19,Lash Treatment,,3,19-06-2020 12:16,19-06-2020 12:16
20,Brows Treatment,,3,19-06-2020 12:16,19-06-2020 12:16
21,advanced aesthetics treatments,,3,19-06-2020 12:16,19-06-2020 12:16
22,Facial  Treatment & Skin Care,,3,19-06-2020 12:16,19-06-2020 12:16
23,Waxing Treatments,,3,19-06-2020 12:16,19-06-2020 12:16
24,Nail Treatments,,3,19-06-2020 12:16,19-06-2020 12:16
25,Massage treatments,,3,19-06-2020 12:16,19-06-2020 12:16
26,Body Therapies,,3,19-06-2020 12:16,19-06-2020 12:16
27,Threading & Tinting,,4,19-06-2020 12:16,19-06-2020 12:16
28,Lash Treatment,,4,19-06-2020 12:16,19-06-2020 12:16
29,Brows Treatment,,4,19-06-2020 12:16,19-06-2020 12:16
30,Waxing Treatments,,4,19-06-2020 12:16,19-06-2020 12:16
31,Nail Treatments,,4,19-06-2020 12:16,19-06-2020 12:16
32,Massage treatments,,4,19-06-2020 12:16,19-06-2020 12:16
33,Body Therapies,,4,19-06-2020 12:16,19-06-2020 12:16
34,Hair Cut & Wash,,4,19-06-2020 12:16,19-06-2020 12:16
35,Hair Colors,,4,19-06-2020 12:16,19-06-2020 12:16
36,Threading & Tinting,,5,19-06-2020 12:16,19-06-2020 12:16
37,Lash Treatment,,5,19-06-2020 12:16,19-06-2020 12:16
38,Brows Treatment,,5,19-06-2020 12:16,19-06-2020 12:16
39,advanced aesthetics treatments,,5,19-06-2020 12:16,19-06-2020 12:16
40,Facial  Treatment & Skin Care,,5,19-06-2020 12:16,19-06-2020 12:16
41,Waxing Treatments,,5,19-06-2020 12:16,19-06-2020 12:16
42,Nail Treatments,,5,19-06-2020 12:16,19-06-2020 12:16
43,Massage treatments,,5,19-06-2020 12:16,19-06-2020 12:16
44,Body Therapies,,5,19-06-2020 12:16,19-06-2020 12:16
45,Threading & Tinting,,6,19-06-2020 12:16,19-06-2020 12:16
46,Lash Treatment,,6,19-06-2020 12:16,19-06-2020 12:16
47,Brows Treatment,,6,19-06-2020 12:16,19-06-2020 12:16
48,advanced aesthetics treatments,,6,19-06-2020 12:16,19-06-2020 12:16
49,Facial  Treatment & Skin Care,,6,19-06-2020 12:16,19-06-2020 12:16
50,Waxing Treatments,,6,19-06-2020 12:16,19-06-2020 12:16
51,Nail Treatments,,6,19-06-2020 12:16,19-06-2020 12:16
52,Massage treatments,,6,19-06-2020 12:16,19-06-2020 12:16
53,Body Therapies,,6,19-06-2020 12:16,19-06-2020 12:16
54,Threading & Tinting,,7,19-06-2020 12:16,19-06-2020 12:16
55,Lash Treatment,,7,19-06-2020 12:16,19-06-2020 12:16
56,Brows Treatment,,7,19-06-2020 12:16,19-06-2020 12:16
57,Facial  Treatment & Skin Care,,7,19-06-2020 12:16,19-06-2020 12:16
58,Waxing Treatments,,7,19-06-2020 12:16,19-06-2020 12:16
59,Nail Treatments,,7,19-06-2020 12:16,19-06-2020 12:16
60,Massage treatments,,7,19-06-2020 12:16,19-06-2020 12:16
61,Body Therapies,,7,19-06-2020 12:16,19-06-2020 12:16
62,Threading & Tinting,,8,19-06-2020 12:16,19-06-2020 12:16
63,Lash Treatment,,8,19-06-2020 12:16,19-06-2020 12:16
64,Brows Treatment,,8,19-06-2020 12:16,19-06-2020 12:16
65,advanced aesthetics treatments,,8,19-06-2020 12:16,19-06-2020 12:16
66,Facial  Treatment & Skin Care,,8,19-06-2020 12:16,19-06-2020 12:16
67,Waxing Treatments,,8,19-06-2020 12:16,19-06-2020 12:16
68,Nail Treatments,,8,19-06-2020 12:16,19-06-2020 12:16
69,Massage treatments,,8,19-06-2020 12:16,19-06-2020 12:16
70,Body Therapies,,8,19-06-2020 12:16,19-06-2020 12:16
71,Threading & Tinting,,9,19-06-2020 12:16,19-06-2020 12:16
72,Lash Treatment,,9,19-06-2020 12:16,19-06-2020 12:16
73,Brows Treatment,,9,19-06-2020 12:16,19-06-2020 12:16
74,Facial  Treatment & Skin Care,,9,19-06-2020 12:16,19-06-2020 12:16
75,Waxing Treatments,,9,19-06-2020 12:16,19-06-2020 12:16
76,Nail Treatments,,9,19-06-2020 12:16,19-06-2020 12:16
77,Massage treatments,,9,19-06-2020 12:16,19-06-2020 12:16
78,Body Therapies,,9,19-06-2020 12:16,19-06-2020 12:16
